Date,Open,High,Low,Close,Adj Close,Volume,Name
2020-03-19,40.0,46.0,40.0,45.25,43.65107345581055,7000,OTIS
2020-03-20,45.0099983215332,46.0099983215332,45.0,45.0,43.409912109375,3600,OTIS
2020-03-23,42.0,42.0,39.97999954223633,40.0,38.58659362792969,11900,OTIS
2020-03-24,40.0,40.0,39.0,40.0,38.58659362792969,77800,OTIS
2020-03-25,40.0,44.79999923706055,38.0,41.0099983215332,39.56089401245117,7000,OTIS
2020-03-26,45.0,47.5,44.25,45.0,43.409912109375,29100,OTIS
2020-03-27,45.0,47.5,44.9900016784668,45.23500061035156,43.6366081237793,263200,OTIS
2020-03-30,44.25,50.0,44.25,50.0,48.233238220214844,118100,OTIS
2020-03-31,46.5,50.0,44.779998779296875,50.0,48.233238220214844,210300,OTIS
2020-04-01,45.9900016784668,48.5,44.0,46.70000076293945,45.04983901977539,1206100,OTIS
2020-04-02,45.02399826049805,48.65999984741211,43.20000076293945,44.0,42.445247650146484,9264200,OTIS
2020-04-03,43.75,49.29999923706055,41.79999923706055,47.31999969482422,45.64793395996094,22551600,OTIS
2020-04-06,47.0,47.849998474121094,44.70000076293945,45.939998626708984,44.31669616699219,10294200,OTIS
2020-04-07,45.150001525878906,46.9900016784668,42.93000030517578,44.279998779296875,42.71535110473633,12146500,OTIS
2020-04-08,42.209999084472656,45.20000076293945,41.2599983215332,44.09000015258789,42.532066345214844,22265800,OTIS
2020-04-09,44.04999923706055,50.25,44.0,49.13999938964844,47.40362548828125,17355600,OTIS
2020-04-13,48.54999923706055,48.66999816894531,45.720001220703125,46.0,44.374576568603516,8545100,OTIS
2020-04-14,45.90999984741211,46.29999923706055,43.970001220703125,45.88999938964844,44.268463134765625,10152100,OTIS
2020-04-15,44.189998626708984,44.849998474121094,42.79999923706055,44.54999923706055,42.9758186340332,7935500,OTIS
2020-04-16,44.08000183105469,46.40700149536133,43.54999923706055,45.619998931884766,44.00800704956055,8740200,OTIS
2020-04-17,47.0,48.560001373291016,45.91999816894531,46.150001525878906,44.519283294677734,7878100,OTIS
2020-04-20,45.0,46.97999954223633,44.900001525878906,45.38999938964844,43.7861328125,5407500,OTIS
2020-04-21,44.5,47.20000076293945,44.5,45.900001525878906,44.278114318847656,6939700,OTIS
2020-04-22,47.310001373291016,49.54999923706055,46.0,47.04999923706055,45.38747024536133,6801900,OTIS
2020-04-23,47.439998626708984,48.040000915527344,46.47999954223633,47.470001220703125,45.792640686035156,5174800,OTIS
2020-04-24,48.02000045776367,48.5,46.310001373291016,47.849998474121094,46.159210205078125,6446900,OTIS
2020-04-27,48.08000183105469,48.599998474121094,47.61000061035156,48.220001220703125,46.51613235473633,5541100,OTIS
2020-04-28,49.06999969482422,50.95000076293945,48.650001525878906,49.86000061035156,48.09818649291992,5368200,OTIS
2020-04-29,50.77000045776367,51.72999954223633,49.709999084472656,51.150001525878906,49.34260940551758,4343900,OTIS
2020-04-30,50.970001220703125,51.599998474121094,50.5,50.90999984741211,49.111083984375,6123800,OTIS
2020-05-01,50.33000183105469,50.529998779296875,48.310001373291016,49.709999084472656,47.95348358154297,3089700,OTIS
2020-05-04,48.849998474121094,49.66999816894531,47.5099983215332,49.529998779296875,47.77984619140625,5676600,OTIS
2020-05-05,49.529998779296875,50.63999938964844,47.959999084472656,48.09000015258789,46.39073181152344,4103600,OTIS
2020-05-06,48.61000061035156,49.0,47.88999938964844,48.310001373291016,46.60295486450195,2931800,OTIS
2020-05-07,49.02000045776367,53.290000915527344,48.9900016784668,51.810001373291016,49.979286193847656,4803200,OTIS
2020-05-08,52.119998931884766,54.16999816894531,52.11000061035156,52.95000076293945,51.07899856567383,4289400,OTIS
2020-05-11,52.0,52.400001525878906,51.060001373291016,51.810001373291016,49.979286193847656,3150600,OTIS
2020-05-12,52.189998626708984,52.290000915527344,49.689998626708984,49.720001220703125,47.963130950927734,3059800,OTIS
2020-05-13,49.0,50.29999923706055,47.8849983215332,48.209999084472656,46.50648880004883,4567000,OTIS
2020-05-14,47.61000061035156,48.400001525878906,47.22999954223633,48.0,46.30390930175781,4849900,OTIS
2020-05-15,47.31999969482422,49.220001220703125,47.20000076293945,48.88999938964844,47.16246032714844,2981400,OTIS
2020-05-18,50.119998931884766,52.34000015258789,50.119998931884766,52.130001068115234,50.2879753112793,4452600,OTIS
2020-05-19,51.68000030517578,52.928001403808594,51.05500030517578,52.310001373291016,50.46161651611328,2050300,OTIS
2020-05-20,52.54999923706055,54.70000076293945,52.474998474121094,53.18000030517578,51.300872802734375,4755100,OTIS
2020-05-21,52.36000061035156,53.54999923706055,51.869998931884766,52.029998779296875,50.3809814453125,3813100,OTIS
2020-05-22,52.459999084472656,52.720001220703125,50.91999816894531,51.709999084472656,50.07112121582031,2134300,OTIS
2020-05-26,53.029998779296875,53.9900016784668,50.70000076293945,50.88999938964844,49.27711486816406,6247000,OTIS
2020-05-27,51.59000015258789,52.650001525878906,50.77000045776367,52.380001068115234,50.71989059448242,5202300,OTIS
2020-05-28,52.869998931884766,52.95000076293945,50.93000030517578,50.959999084472656,49.34489440917969,4260700,OTIS
2020-05-29,50.439998626708984,52.869998931884766,50.18000030517578,52.650001525878906,50.98133087158203,7522700,OTIS
2020-06-01,52.45000076293945,54.439998626708984,52.11000061035156,54.08000183105469,52.36600875854492,3073300,OTIS
2020-06-02,54.15999984741211,54.75,53.290000915527344,54.150001525878906,52.43379211425781,2638100,OTIS
2020-06-03,55.0,55.58000183105469,54.54999923706055,55.470001220703125,53.711952209472656,4134500,OTIS
2020-06-04,55.29999923706055,56.65999984741211,54.689998626708984,55.400001525878906,53.6441764831543,3281300,OTIS
2020-06-05,57.83000183105469,58.70899963378906,56.0,58.56999969482422,56.71369934082031,4615100,OTIS
2020-06-08,58.68000030517578,61.31999969482422,58.36000061035156,61.2599983215332,59.318443298339844,5966500,OTIS
2020-06-09,60.400001525878906,61.459999084472656,59.2400016784668,60.650001525878906,58.727783203125,4610200,OTIS
2020-06-10,60.61000061035156,60.959999084472656,59.02000045776367,59.029998779296875,57.159122467041016,2658300,OTIS
2020-06-11,56.0,58.06999969482422,55.70500183105469,56.25,54.46723556518555,3293900,OTIS
2020-06-12,57.72999954223633,58.97999954223633,55.099998474121094,56.040000915527344,54.263885498046875,4313000,OTIS
2020-06-15,54.5099983215332,57.79999923706055,53.83000183105469,57.66999816894531,55.84222412109375,4464300,OTIS
2020-06-16,59.5,59.79999923706055,57.375,57.849998474121094,56.01652145385742,3510300,OTIS
2020-06-17,58.119998931884766,58.189998626708984,56.459999084472656,56.7400016784668,54.941707611083984,2441500,OTIS
2020-06-18,56.439998626708984,57.68000030517578,56.2400016784668,57.4900016784668,55.667930603027344,2137500,OTIS
2020-06-19,58.959999084472656,58.959999084472656,55.95000076293945,57.0,55.193458557128906,7096100,OTIS
2020-06-22,56.880001068115234,58.18000030517578,56.63999938964844,57.060001373291016,55.251556396484375,2027000,OTIS
2020-06-23,57.689998626708984,57.869998931884766,56.59000015258789,56.79999923706055,54.999794006347656,2386900,OTIS
2020-06-24,56.150001525878906,56.970001220703125,55.25,55.540000915527344,53.77973556518555,3022000,OTIS
2020-06-25,55.04999923706055,56.5,54.7599983215332,56.20000076293945,54.41881561279297,2942900,OTIS
2020-06-26,56.22999954223633,56.47999954223633,54.44200134277344,55.790000915527344,54.02180862426758,6634300,OTIS
2020-06-29,55.88999938964844,56.79999923706055,55.33000183105469,56.56999969482422,54.77709197998047,2257300,OTIS
2020-06-30,55.970001220703125,57.099998474121094,55.5099983215332,56.86000061035156,55.05789566040039,2518100,OTIS
2020-07-01,57.0,57.0,55.75,55.779998779296875,54.01213455200195,2400200,OTIS
2020-07-02,56.43000030517578,57.2400016784668,55.77000045776367,56.5,54.70930480957031,3162900,OTIS
2020-07-06,57.380001068115234,57.58000183105469,56.43000030517578,56.86000061035156,55.05789566040039,1999100,OTIS
2020-07-07,56.43000030517578,57.310001373291016,56.119998931884766,56.81999969482422,55.0191650390625,2537900,OTIS
2020-07-08,57.029998779296875,57.150001525878906,56.27000045776367,56.91999816894531,55.115997314453125,6694900,OTIS
2020-07-09,56.86000061035156,57.939998626708984,56.06999969482422,56.11000061035156,54.33167266845703,2424200,OTIS
2020-07-10,56.22999954223633,57.310001373291016,56.040000915527344,56.97999954223633,55.174095153808594,2137300,OTIS
2020-07-13,56.560001373291016,57.939998626708984,56.46500015258789,56.88999938964844,55.086944580078125,2882500,OTIS
2020-07-14,56.220001220703125,57.45000076293945,56.029998779296875,57.369998931884766,55.55173110961914,2755100,OTIS
2020-07-15,58.0099983215332,59.0,57.86000061035156,58.20000076293945,56.35542678833008,2358400,OTIS
2020-07-16,58.0,58.560001373291016,57.65800094604492,58.31999969482422,56.47162628173828,2628800,OTIS
2020-07-17,58.72999954223633,59.029998779296875,58.150001525878906,58.54999923706055,56.694332122802734,2983100,OTIS
2020-07-20,58.41999816894531,59.650001525878906,57.9900016784668,58.560001373291016,56.70402145385742,2407800,OTIS
2020-07-21,58.380001068115234,58.939998626708984,58.099998474121094,58.439998626708984,56.58782196044922,2314000,OTIS
2020-07-22,57.959999084472656,58.93000030517578,57.68000030517578,58.47999954223633,56.62656021118164,2034300,OTIS
2020-07-23,58.5,59.46799850463867,58.34000015258789,59.060001373291016,57.188175201416016,2566500,OTIS
2020-07-24,59.18000030517578,59.19499969482422,57.630001068115234,58.130001068115234,56.28763961791992,3142100,OTIS
2020-07-27,57.86000061035156,58.439998626708984,57.599998474121094,58.31999969482422,56.47162628173828,2670300,OTIS
2020-07-28,59.81999969482422,61.83000183105469,59.70000076293945,60.279998779296875,58.3695068359375,4473600,OTIS
2020-07-29,60.959999084472656,64.36000061035156,60.959999084472656,64.30000305175781,62.262107849121094,4885400,OTIS
2020-07-30,63.439998626708984,64.5199966430664,63.150001525878906,63.38999938964844,61.38093566894531,2307000,OTIS
2020-07-31,63.439998626708984,63.439998626708984,62.18000030517578,62.7400016784668,60.75153350830078,3156100,OTIS
2020-08-03,63.02000045776367,63.81999969482422,62.7400016784668,63.209999084472656,61.20664596557617,3200500,OTIS
2020-08-04,62.58000183105469,62.900001525878906,61.970001220703125,62.61000061035156,60.62565994262695,1739400,OTIS
2020-08-05,62.7400016784668,63.650001525878906,62.34000015258789,63.09000015258789,61.090450286865234,2645000,OTIS
2020-08-06,62.88999938964844,63.52000045776367,62.8650016784668,63.47999954223633,61.46808624267578,1557400,OTIS
2020-08-07,63.15999984741211,64.47000122070312,63.15999984741211,64.41000366210938,62.36861801147461,1169100,OTIS
2020-08-10,64.29000091552734,65.30000305175781,64.29000091552734,65.20999908447266,63.143253326416016,1572700,OTIS
2020-08-11,65.5199966430664,65.94999694824219,64.33000183105469,64.37000274658203,62.32987976074219,2787700,OTIS
2020-08-12,64.97000122070312,65.47000122070312,64.22000122070312,64.9000015258789,62.84309005737305,1496600,OTIS
2020-08-13,64.95999908447266,64.95999908447266,63.83000183105469,64.0,61.97160720825195,1436200,OTIS
2020-08-14,63.709999084472656,64.51000213623047,63.599998474121094,64.06999969482422,62.03938674926758,1633900,OTIS
2020-08-17,64.45999908447266,64.52999877929688,63.709999084472656,63.959999084472656,61.9328727722168,1785500,OTIS
2020-08-18,63.849998474121094,64.4000015258789,63.375,63.45000076293945,61.43903732299805,1680200,OTIS
2020-08-19,63.47999954223633,63.59000015258789,62.59000015258789,62.91999816894531,60.92583465576172,1549000,OTIS
2020-08-20,62.15999984741211,63.25,61.810001373291016,62.970001220703125,61.16868591308594,1291500,OTIS
2020-08-21,63.029998779296875,63.7400016784668,62.59000015258789,63.630001068115234,61.80980682373047,2649500,OTIS
2020-08-24,63.61000061035156,64.2300033569336,63.040000915527344,63.79999923706055,61.97494125366211,3199900,OTIS
2020-08-25,64.41000366210938,64.80999755859375,63.904998779296875,64.29000091552734,62.450931549072266,1604100,OTIS
2020-08-26,64.27999877929688,64.79000091552734,63.74800109863281,64.18000030517578,62.34407424926758,1161900,OTIS
2020-08-27,64.47000122070312,64.90499877929688,63.16999816894531,63.22999954223633,61.42124938964844,1341700,OTIS
2020-08-28,63.27000045776367,63.630001068115234,62.650001525878906,63.59000015258789,61.77095031738281,1129900,OTIS
2020-08-31,63.61000061035156,63.84000015258789,62.84000015258789,62.900001525878906,61.10069274902344,1736400,OTIS
2020-09-01,62.52000045776367,64.27999877929688,62.32500076293945,64.05000305175781,62.21778869628906,2334100,OTIS
2020-09-02,63.72999954223633,65.55999755859375,63.650001525878906,65.33999633789062,63.47088623046875,1827200,OTIS
2020-09-03,64.87999725341797,65.44999694824219,61.060001373291016,61.849998474121094,60.08072280883789,3096800,OTIS
2020-09-04,62.5,62.599998474121094,60.43000030517578,61.4900016784668,59.731021881103516,2697000,OTIS
2020-09-08,61.43000030517578,61.75,60.459999084472656,60.630001068115234,58.89562225341797,2137900,OTIS
2020-09-09,61.029998779296875,62.529998779296875,61.0,62.08000183105469,60.304141998291016,1888500,OTIS
2020-09-10,61.97999954223633,61.97999954223633,59.72999954223633,59.900001525878906,58.18650436401367,3828900,OTIS
2020-09-11,60.2599983215332,60.709999084472656,59.775001525878906,60.13999938964844,58.419639587402344,2273400,OTIS
2020-09-14,60.56999969482422,60.56999969482422,59.06700134277344,59.9900016784668,58.2739372253418,2420100,OTIS
2020-09-15,60.029998779296875,61.619998931884766,60.029998779296875,60.29999923706055,58.5750617980957,1629400,OTIS
2020-09-16,60.86000061035156,61.0099983215332,59.400001525878906,59.790000915527344,58.07965850830078,2457000,OTIS
2020-09-17,58.75,61.09000015258789,58.040000915527344,61.040000915527344,59.29389572143555,2219900,OTIS
2020-09-18,61.15999984741211,62.63999938964844,60.38999938964844,60.880001068115234,59.13846969604492,3806500,OTIS
2020-09-21,60.0,60.220001220703125,58.66999816894531,59.40999984741211,57.71052551269531,2512100,OTIS
2020-09-22,58.939998626708984,61.119998931884766,58.86000061035156,60.9900016784668,59.24532699584961,1841500,OTIS
2020-09-23,60.77000045776367,61.77000045776367,60.20000076293945,60.40999984741211,58.68191146850586,1733700,OTIS
2020-09-24,60.849998474121094,62.75,60.459999084472656,62.08000183105469,60.304141998291016,2374800,OTIS
2020-09-25,61.61000061035156,62.349998474121094,61.189998626708984,61.54999923706055,59.789306640625,1557600,OTIS
2020-09-28,62.27000045776367,62.880001068115234,61.900001525878906,62.5099983215332,60.72183609008789,1233900,OTIS
2020-09-29,62.41999816894531,62.7599983215332,61.880001068115234,62.40999984741211,60.62470626831055,1435400,OTIS
2020-09-30,62.709999084472656,63.599998474121094,61.95000076293945,62.41999816894531,60.63441467285156,2494000,OTIS
2020-10-01,62.869998931884766,64.22000122070312,61.7599983215332,62.369998931884766,60.58584213256836,2342500,OTIS
2020-10-02,61.619998931884766,63.439998626708984,61.5099983215332,63.15999984741211,61.35325241088867,1447800,OTIS
2020-10-05,63.7400016784668,64.62999725341797,63.23500061035156,64.54000091552734,62.693763732910156,1447700,OTIS
2020-10-06,64.43000030517578,65.0,63.48500061035156,63.83000183105469,62.004085540771484,2107000,OTIS
2020-10-07,64.62999725341797,65.62000274658203,64.375,65.05000305175781,63.189186096191406,1648100,OTIS
2020-10-08,64.79000091552734,65.51000213623047,64.4800033569336,64.70999908447266,62.85890197753906,1213200,OTIS
2020-10-09,65.0199966430664,65.66999816894531,64.30000305175781,65.3499984741211,63.480594635009766,1187000,OTIS
2020-10-12,65.8499984741211,65.98500061035156,65.16999816894531,65.69000244140625,63.81087875366211,1185800,OTIS
2020-10-13,65.16000366210938,65.80000305175781,64.61599731445312,65.12999725341797,63.26689910888672,1415900,OTIS
2020-10-14,65.5,66.0,64.52999877929688,65.61000061035156,63.733158111572266,1633600,OTIS
2020-10-15,64.66999816894531,65.43499755859375,64.01000213623047,65.19999694824219,63.334896087646484,982100,OTIS
2020-10-16,65.30000305175781,65.80999755859375,64.80999755859375,65.02999877929688,63.16975402832031,1047500,OTIS
2020-10-19,64.9000015258789,65.44000244140625,64.08000183105469,64.36000061035156,62.5189208984375,910500,OTIS
2020-10-20,64.68000030517578,65.73999786376953,64.33999633789062,64.38999938964844,62.548057556152344,720000,OTIS
2020-10-21,64.25,64.83000183105469,63.709999084472656,63.720001220703125,61.8972282409668,1082600,OTIS
2020-10-22,63.9900016784668,63.9900016784668,62.97999954223633,63.2400016784668,61.43096160888672,4980300,OTIS
2020-10-23,63.470001220703125,64.0199966430664,63.119998931884766,63.45000076293945,61.63495635986328,2308600,OTIS
2020-10-26,63.84000015258789,63.88999938964844,61.369998931884766,63.209999084472656,61.40182113647461,3026000,OTIS
2020-10-27,62.90999984741211,63.2400016784668,61.86000061035156,61.970001220703125,60.19729232788086,1973200,OTIS
2020-10-28,61.0099983215332,61.2599983215332,58.77000045776367,58.9900016784668,57.30254364013672,2570900,OTIS
2020-10-29,58.88999938964844,61.189998626708984,58.79999923706055,60.790000915527344,59.05105209350586,2122600,OTIS
2020-10-30,60.349998474121094,61.29999923706055,59.79999923706055,61.279998779296875,59.52702331542969,2036100,OTIS
2020-11-02,62.189998626708984,62.77000045776367,61.09000015258789,62.13999938964844,60.362422943115234,1819100,OTIS
2020-11-03,62.93000030517578,63.849998474121094,62.08000183105469,62.709999084472656,60.91612243652344,1545600,OTIS
2020-11-04,62.68000030517578,63.64500045776367,61.95000076293945,62.29999923706055,60.51785659790039,2042700,OTIS
2020-11-05,63.31999969482422,63.95000076293945,62.59000015258789,62.630001068115234,60.838409423828125,1495700,OTIS
2020-11-06,62.970001220703125,63.810001373291016,62.66999816894531,63.58000183105469,61.7612419128418,1145800,OTIS
2020-11-09,67.0,67.29000091552734,63.43000030517578,63.5,61.68352127075195,2420100,OTIS
2020-11-10,63.380001068115234,65.91799926757812,63.31999969482422,65.73999786376953,63.85945129394531,2174600,OTIS
2020-11-11,65.86000061035156,66.33000183105469,64.73999786376953,66.12000274658203,64.22858428955078,1319500,OTIS
2020-11-12,66.18000030517578,66.45999908447266,65.41999816894531,65.98999786376953,64.102294921875,1774700,OTIS
2020-11-13,66.23999786376953,66.73999786376953,65.2300033569336,65.56999969482422,63.694313049316406,1438500,OTIS
2020-11-16,66.22000122070312,67.63999938964844,65.68000030517578,67.38999938964844,65.46224975585938,2338900,OTIS
2020-11-17,67.16000366210938,67.94999694824219,66.30500030517578,67.19999694824219,65.27767944335938,1465000,OTIS
2020-11-18,67.30999755859375,67.9800033569336,66.51000213623047,66.62999725341797,64.72398376464844,2182800,OTIS
2020-11-19,66.62999725341797,67.19000244140625,65.5999984741211,66.16000366210938,64.46092224121094,1809900,OTIS
2020-11-20,66.08999633789062,66.73999786376953,66.0,66.31999969482422,64.6167984008789,1811200,OTIS
2020-11-23,66.63999938964844,67.52999877929688,66.55000305175781,67.25,65.5229263305664,1885500,OTIS
2020-11-24,68.04000091552734,68.04000091552734,66.87999725341797,67.4000015258789,65.66908264160156,4738800,OTIS
2020-11-25,67.44000244140625,67.47000122070312,66.41999816894531,67.37999725341797,65.64958953857422,1125400,OTIS
2020-11-27,67.55000305175781,68.20999908447266,66.9000015258789,67.33999633789062,65.61060333251953,1645000,OTIS
2020-11-30,66.83999633789062,67.69999694824219,66.37999725341797,66.94000244140625,65.22088623046875,1831000,OTIS
2020-12-01,67.41999816894531,68.16000366210938,66.7699966430664,66.83000183105469,65.11370849609375,2928100,OTIS
2020-12-02,66.91999816894531,67.2699966430664,65.55999755859375,65.69000244140625,64.00298309326172,1379600,OTIS
2020-12-03,65.7699966430664,66.8499984741211,65.36000061035156,65.48999786376953,63.80812072753906,1061900,OTIS
2020-12-04,65.6500015258789,66.04299926757812,64.87999725341797,65.16000366210938,63.486595153808594,2054300,OTIS
2020-12-07,64.9800033569336,65.30999755859375,64.01000213623047,64.8499984741211,63.18455505371094,1917600,OTIS
2020-12-08,64.77999877929688,66.1500015258789,64.68000030517578,66.11000061035156,64.41220092773438,2641500,OTIS
2020-12-09,65.75,66.20999908447266,65.19000244140625,65.48999786376953,63.80812072753906,1668600,OTIS
2020-12-10,65.20999908447266,66.13999938964844,63.849998474121094,64.0,62.35639190673828,2056600,OTIS
2020-12-11,63.33000183105469,63.880001068115234,62.95000076293945,63.72999954223633,62.09332275390625,2023900,OTIS
2020-12-14,64.48999786376953,64.48999786376953,62.52000045776367,62.779998779296875,61.167724609375,1377800,OTIS
2020-12-15,63.11000061035156,65.58999633789062,62.959999084472656,64.7300033569336,63.06765365600586,2041100,OTIS
2020-12-16,64.93000030517578,65.33000183105469,64.33999633789062,65.23999786376953,63.564544677734375,1760600,OTIS
2020-12-17,65.75,66.31999969482422,65.5,65.79000091552734,64.10042572021484,1873700,OTIS
2020-12-18,65.98999786376953,66.19999694824219,64.54000091552734,65.61000061035156,63.925048828125,4028700,OTIS
2020-12-21,64.94000244140625,66.4800033569336,64.5999984741211,66.1500015258789,64.45117950439453,2201300,OTIS
2020-12-22,65.83999633789062,65.98999786376953,65.09500122070312,65.41000366210938,63.73019027709961,1151500,OTIS
2020-12-23,65.48999786376953,66.23999786376953,65.30000305175781,65.62999725341797,63.944541931152344,972500,OTIS
2020-12-24,65.44999694824219,65.9800033569336,65.29000091552734,65.79000091552734,64.10042572021484,992100,OTIS
2020-12-28,66.18000030517578,66.5999984741211,65.54000091552734,66.0,64.30502319335938,786400,OTIS
2020-12-29,66.30999755859375,66.5999984741211,65.12999725341797,65.69000244140625,64.00298309326172,1008400,OTIS
2020-12-30,65.79000091552734,66.83000183105469,65.79000091552734,66.72000122070312,65.00653839111328,1082200,OTIS
2020-12-31,66.86000061035156,67.69000244140625,66.56999969482422,67.55000305175781,65.81522369384766,1238200,OTIS
2021-01-04,67.55000305175781,68.0199966430664,65.55000305175781,65.58999633789062,63.90555191040039,2569600,OTIS
2021-01-05,65.81999969482422,66.41999816894531,64.75900268554688,65.0999984741211,63.42814254760742,1366100,OTIS
2021-01-06,65.81999969482422,67.33000183105469,65.25,66.91000366210938,65.19166564941406,1596000,OTIS
2021-01-07,67.30000305175781,67.95500183105469,66.84500122070312,67.77999877929688,66.03932189941406,1542500,OTIS
2021-01-08,67.47000122070312,67.97000122070312,65.8499984741211,66.83000183105469,65.11370849609375,1914000,OTIS
2021-01-11,66.22000122070312,66.79000091552734,65.80999755859375,66.36000061035156,64.6557846069336,1506200,OTIS
2021-01-12,66.2699966430664,66.80000305175781,65.06999969482422,65.2300033569336,63.554813385009766,1722000,OTIS
2021-01-13,65.19000244140625,65.53500366210938,63.849998474121094,63.970001220703125,62.32716369628906,3172600,OTIS
2021-01-14,64.19999694824219,65.37000274658203,63.79999923706055,64.94000244140625,63.272254943847656,3088300,OTIS
2021-01-15,64.80999755859375,65.69000244140625,63.5099983215332,65.52999877929688,63.84709167480469,1841100,OTIS
2021-01-19,66.0,66.44999694824219,64.91999816894531,65.37000274658203,63.691200256347656,2489200,OTIS
2021-01-20,65.80000305175781,66.5,64.88999938964844,65.19000244140625,63.515830993652344,1737200,OTIS
2021-01-21,65.23999786376953,65.23999786376953,63.45000076293945,63.52000045776367,61.88872146606445,3945600,OTIS
2021-01-22,63.52000045776367,65.20999908447266,63.20000076293945,64.87999725341797,63.21378707885742,3546500,OTIS
2021-01-25,64.0,64.61000061035156,62.0,64.22000122070312,62.57073974609375,4500200,OTIS
2021-01-26,64.5999984741211,65.08999633789062,62.27000045776367,63.5099983215332,61.878971099853516,2742100,OTIS
2021-01-27,62.68000030517578,63.0099983215332,61.279998779296875,62.2400016784668,60.6415901184082,3241300,OTIS
2021-01-28,62.599998474121094,64.81999969482422,62.33000183105469,63.83000183105469,62.190757751464844,3235000,OTIS
2021-01-29,65.11000061035156,65.98999786376953,63.45000076293945,64.6500015258789,62.98970031738281,10353200,OTIS
2021-02-01,65.98999786376953,66.01000213623047,63.0,64.55000305175781,62.892269134521484,3731500,OTIS
2021-02-02,65.05000305175781,66.77999877929688,64.5,64.63999938964844,62.97996139526367,4327800,OTIS
2021-02-03,64.63999938964844,64.87000274658203,62.95000076293945,64.05000305175781,62.40510940551758,3542100,OTIS
2021-02-04,63.88999938964844,64.12999725341797,63.0,63.290000915527344,61.664634704589844,2303900,OTIS
2021-02-05,62.7400016784668,64.19999694824219,62.630001068115234,63.93000030517578,62.28819274902344,3697900,OTIS
2021-02-08,63.75,64.52999877929688,63.150001525878906,63.72999954223633,62.09332275390625,1787100,OTIS
2021-02-09,63.540000915527344,64.59300231933594,63.209999084472656,64.36000061035156,62.7071418762207,2819100,OTIS
2021-02-10,64.94000244140625,65.9000015258789,64.5999984741211,65.30999755859375,63.632747650146484,1934100,OTIS
2021-02-11,65.04000091552734,65.20600128173828,62.8849983215332,63.43000030517578,61.99086380004883,4298900,OTIS
2021-02-12,62.88999938964844,64.54000091552734,62.88999938964844,63.93000030517578,62.479522705078125,2021600,OTIS
2021-02-16,64.30999755859375,64.33999633789062,62.58000183105469,63.189998626708984,61.756309509277344,3228400,OTIS
2021-02-17,63.310001373291016,63.369998931884766,62.61899948120117,62.689998626708984,61.26765060424805,2178600,OTIS
2021-02-18,62.459999084472656,63.58000183105469,62.310001373291016,63.060001373291016,61.62925720214844,2258400,OTIS
2021-02-19,63.31999969482422,63.45500183105469,62.939998626708984,63.040000915527344,61.60971450805664,3852700,OTIS
2021-02-22,62.849998474121094,63.595001220703125,62.52000045776367,63.22999954223633,61.79540252685547,2560000,OTIS
2021-02-23,62.84000015258789,63.56999969482422,62.560001373291016,63.22999954223633,61.79540252685547,2571200,OTIS
2021-02-24,63.09000015258789,64.41000366210938,63.029998779296875,64.3499984741211,62.88998794555664,2257300,OTIS
2021-02-25,64.27999877929688,64.91000366210938,64.01000213623047,64.45999908447266,62.99749755859375,2431700,OTIS
2021-02-26,64.88999938964844,64.88999938964844,63.59000015258789,63.709999084472656,62.26451110839844,3278300,OTIS
2021-03-01,64.12000274658203,65.75,64.06999969482422,64.93000030517578,63.45683670043945,1896000,OTIS
2021-03-02,64.7300033569336,65.84500122070312,64.33000183105469,65.41000366210938,63.92595291137695,2657500,OTIS
2021-03-03,65.51000213623047,67.6500015258789,65.06999969482422,67.0,65.47986602783203,3210800,OTIS
2021-03-04,66.83000183105469,66.9000015258789,63.34000015258789,63.95000076293945,62.49906921386719,3634400,OTIS
2021-03-05,64.5199966430664,65.11000061035156,62.7599983215332,64.87000274658203,63.39820098876953,2168000,OTIS
2021-03-08,64.97000122070312,66.33000183105469,64.58999633789062,65.22000122070312,63.740257263183594,1636700,OTIS
2021-03-09,65.69000244140625,66.6500015258789,64.91999816894531,64.93000030517578,63.45683670043945,2547300,OTIS
2021-03-10,64.66999816894531,66.49500274658203,64.61000061035156,66.25,64.74687957763672,1814900,OTIS
2021-03-11,66.0999984741211,67.63999938964844,65.88999938964844,67.30000305175781,65.77306365966797,2214700,OTIS
2021-03-12,67.6500015258789,67.6500015258789,65.98999786376953,66.0,64.50254821777344,1938200,OTIS
2021-03-15,65.94000244140625,66.63999938964844,65.51499938964844,66.61000061035156,65.09871673583984,1495700,OTIS
2021-03-16,67.12000274658203,67.97000122070312,66.58000183105469,67.69999694824219,66.16397857666016,2371800,OTIS
2021-03-17,67.98999786376953,68.6500015258789,67.36000061035156,68.58000183105469,67.0240249633789,1729500,OTIS
2021-03-18,68.1500015258789,68.63999938964844,67.45999908447266,68.1500015258789,66.60377502441406,2752800,OTIS
2021-03-19,67.88999938964844,67.88999938964844,66.5199966430664,66.86000061035156,65.3430404663086,3149000,OTIS
2021-03-22,66.80999755859375,66.94000244140625,65.63999938964844,66.81999969482422,65.303955078125,1391500,OTIS
2021-03-23,66.41999816894531,67.70999908447266,66.19999694824219,66.95999908447266,65.44078826904297,1364500,OTIS
2021-03-24,66.87999725341797,67.95999908447266,66.87999725341797,67.16999816894531,65.64600372314453,1378000,OTIS
2021-03-25,67.41000366210938,68.13999938964844,66.76000213623047,67.86000061035156,66.32035827636719,1738900,OTIS
2021-03-26,68.16000366210938,69.37999725341797,67.62000274658203,69.04000091552734,67.47357177734375,1989400,OTIS
2021-03-29,69.83000183105469,70.66999816894531,69.5,69.91000366210938,68.3238525390625,2038300,OTIS
2021-03-30,70.06999969482422,70.48999786376953,69.41999816894531,69.73999786376953,68.15769958496094,2604800,OTIS
2021-03-31,70.0199966430664,70.0199966430664,68.2699966430664,68.44999694824219,66.89697265625,3783100,OTIS
2021-04-01,68.88999938964844,69.63999938964844,68.31999969482422,69.26000213623047,67.6885986328125,1579200,OTIS
2021-04-05,69.08000183105469,69.69999694824219,68.91999816894531,69.2300033569336,67.65927124023438,1126600,OTIS
2021-04-06,69.5,70.46499633789062,68.88999938964844,69.72000122070312,68.13815307617188,1972800,OTIS
2021-04-07,69.86000061035156,70.2699966430664,69.41000366210938,69.62999725341797,68.0501937866211,7225700,OTIS
2021-04-08,69.48999786376953,69.6449966430664,68.91999816894531,69.41000366210938,67.83518981933594,1881700,OTIS
2021-04-09,69.68000030517578,70.94999694824219,69.44999694824219,70.75,69.1447982788086,3557700,OTIS
2021-04-12,70.62000274658203,71.1050033569336,70.31999969482422,70.6500015258789,69.04705047607422,1986000,OTIS
2021-04-13,70.44999694824219,71.23500061035156,70.19200134277344,71.12000274658203,69.50639343261719,1513400,OTIS
2021-04-14,71.0,71.07499694824219,70.05999755859375,70.4000015258789,68.802734375,3099700,OTIS
2021-04-15,70.63999938964844,71.23999786376953,70.11000061035156,70.97000122070312,69.35977935791016,1495600,OTIS
2021-04-16,71.41000366210938,71.41000366210938,69.8499984741211,70.58000183105469,68.97864532470703,2548500,OTIS
2021-04-19,70.70999908447266,71.38500213623047,70.3499984741211,71.02999877929688,69.41842651367188,2641300,OTIS
2021-04-20,71.63999938964844,71.69000244140625,70.33000183105469,70.47000122070312,68.87113952636719,3682300,OTIS
2021-04-21,70.44999694824219,71.08000183105469,69.83000183105469,71.04000091552734,69.4281997680664,3080300,OTIS
2021-04-22,71.2300033569336,71.75,70.61000061035156,70.94999694824219,69.34024047851562,2415600,OTIS
2021-04-23,71.06999969482422,71.9800033569336,70.73999786376953,71.27999877929688,69.66275024414062,2574700,OTIS
2021-04-26,76.44000244140625,76.87999725341797,74.55000305175781,76.2699966430664,74.53954315185547,6077800,OTIS
2021-04-27,76.5,79.26000213623047,76.12000274658203,79.0,77.20761108398438,6143800,OTIS
2021-04-28,79.18000030517578,79.5,77.98999786376953,78.0,76.23030090332031,3492300,OTIS
2021-04-29,78.0199966430664,79.12000274658203,78.0199966430664,78.69000244140625,76.90464782714844,2492200,OTIS
2021-04-30,78.25,78.66999816894531,77.55000305175781,77.87000274658203,76.10324096679688,3659500,OTIS
2021-05-03,78.48999786376953,79.0999984741211,77.91000366210938,78.4000015258789,76.62122344970703,2739900,OTIS
2021-05-04,78.37999725341797,79.55999755859375,78.37999725341797,78.72000122070312,76.93395233154297,3402100,OTIS
2021-05-05,78.88999938964844,79.23999786376953,77.76000213623047,78.05999755859375,76.28892517089844,2075500,OTIS
2021-05-06,78.43000030517578,78.87899780273438,77.69999694824219,78.36000061035156,76.58212280273438,2983500,OTIS
2021-05-07,78.08000183105469,78.94999694824219,77.91000366210938,78.19000244140625,76.4159927368164,2780700,OTIS
2021-05-10,78.66999816894531,79.0999984741211,78.02999877929688,78.25,76.47462463378906,4867400,OTIS
2021-05-11,77.79000091552734,78.11000061035156,76.8499984741211,77.62000274658203,75.85891723632812,2939200,OTIS
2021-05-12,77.76000213623047,77.95999908447266,76.11000061035156,76.12999725341797,74.40271759033203,2392700,OTIS
2021-05-13,75.98999786376953,77.5250015258789,75.81999969482422,77.1500015258789,75.39956665039062,2658300,OTIS
2021-05-14,77.6500015258789,79.44000244140625,77.41000366210938,78.87999725341797,77.09031677246094,3255300,OTIS
2021-05-17,78.7300033569336,79.18000030517578,78.0999984741211,79.01000213623047,77.2173843383789,2234000,OTIS
2021-05-18,79.55000305175781,79.69000244140625,78.56999969482422,78.5999984741211,76.8166732788086,2941000,OTIS
2021-05-19,77.94000244140625,78.0,77.02999877929688,77.47000122070312,75.71232604980469,5465700,OTIS
2021-05-20,77.12000274658203,77.86000061035156,76.86000061035156,77.36000061035156,75.83976745605469,6751500,OTIS
2021-05-21,77.62000274658203,78.30000305175781,77.27999877929688,77.56999969482422,76.04563903808594,2245000,OTIS
2021-05-24,77.5999984741211,78.33000183105469,77.20999908447266,78.12999725341797,76.5946273803711,1547500,OTIS
2021-05-25,78.27999877929688,78.61000061035156,77.66000366210938,77.69000244140625,76.16328430175781,2288600,OTIS
2021-05-26,77.7699966430664,78.2300033569336,77.55000305175781,77.7699966430664,76.24169158935547,1890100,OTIS
2021-05-27,78.1500015258789,79.08999633789062,77.69000244140625,78.70999908447266,77.1632308959961,2818900,OTIS
2021-05-28,78.4800033569336,78.70999908447266,77.83000183105469,78.33000183105469,76.79071044921875,1915000,OTIS
2021-06-01,79.16999816894531,79.83000183105469,78.2750015258789,78.41000366210938,76.86913299560547,2207600,OTIS
2021-06-02,78.41999816894531,78.76000213623047,77.7699966430664,78.2699966430664,76.73188018798828,1898600,OTIS
2021-06-03,78.25,79.43000030517578,77.66999816894531,79.13999938964844,77.58477783203125,1949900,OTIS
2021-06-04,79.25,79.91999816894531,79.22000122070312,79.87000274658203,78.30043029785156,1644000,OTIS
2021-06-07,80.4000015258789,80.80500030517578,79.47000122070312,79.61000061035156,78.04554748535156,1723600,OTIS
2021-06-08,79.76000213623047,80.94999694824219,79.375,80.8499984741211,79.26117706298828,2647600,OTIS
2021-06-09,80.79000091552734,81.18000030517578,80.33000183105469,80.75,79.16314697265625,1947300,OTIS
2021-06-10,81.05000305175781,81.55999755859375,79.79000091552734,80.41999816894531,78.83963012695312,1753200,OTIS
2021-06-11,80.8499984741211,80.98999786376953,79.69999694824219,80.54000091552734,78.95726776123047,1527800,OTIS
2021-06-14,80.56999969482422,80.80000305175781,80.12999725341797,80.80000305175781,79.21216583251953,1232700,OTIS
2021-06-15,80.97000122070312,81.2699966430664,80.4229965209961,80.98999786376953,79.39842987060547,1341500,OTIS
2021-06-16,81.01000213623047,81.30999755859375,80.29000091552734,80.62999725341797,79.04550170898438,2578100,OTIS
2021-06-17,80.91999816894531,81.19000244140625,79.44499969482422,80.47000122070312,78.8886489868164,3734700,OTIS
2021-06-18,79.76000213623047,80.16999816894531,78.92500305175781,79.5,77.93771362304688,4490800,OTIS
2021-06-21,80.08999633789062,81.0999984741211,79.66999816894531,81.04000091552734,79.44744110107422,2582700,OTIS
2021-06-22,81.04000091552734,81.80999755859375,80.75,81.37000274658203,79.77095794677734,1757800,OTIS
2021-06-23,81.63999938964844,81.66000366210938,80.73999786376953,80.81999969482422,79.23176574707031,1276400,OTIS
2021-06-24,80.88999938964844,81.69999694824219,80.69000244140625,81.37000274658203,79.77095794677734,1679100,OTIS
2021-06-25,81.51000213623047,81.91000366210938,81.27999877929688,81.6500015258789,80.04545593261719,2532100,OTIS
2021-06-28,81.5999984741211,81.75,80.73999786376953,81.66000366210938,80.05525207519531,1940000,OTIS
2021-06-29,81.69000244140625,82.47000122070312,81.58000183105469,82.08000183105469,80.46701049804688,1844000,OTIS
2021-06-30,81.8499984741211,82.41000366210938,81.2300033569336,81.7699966430664,80.16309356689453,1981700,OTIS
2021-07-01,82.19000244140625,82.38999938964844,81.69999694824219,82.08000183105469,80.46701049804688,1576100,OTIS
2021-07-02,82.19000244140625,82.94000244140625,81.8499984741211,82.66000366210938,81.03561401367188,1113100,OTIS
2021-07-06,82.2699966430664,82.56999969482422,81.69999694824219,82.25,80.63365936279297,1570300,OTIS
2021-07-07,82.86000061035156,84.6500015258789,82.31999969482422,84.08000183105469,82.4277114868164,1645300,OTIS
2021-07-08,82.91999816894531,83.93000030517578,82.45999908447266,83.08999633789062,81.45716094970703,1478100,OTIS
2021-07-09,83.83999633789062,84.01000213623047,83.2300033569336,83.81999969482422,82.17281341552734,1073300,OTIS
2021-07-12,83.47000122070312,83.88999938964844,83.23999786376953,83.81999969482422,82.17281341552734,1506700,OTIS
2021-07-13,84.01000213623047,84.38999938964844,83.30000305175781,83.52999877929688,81.88851928710938,1683000,OTIS
2021-07-14,83.4000015258789,84.98200225830078,83.4000015258789,84.77999877929688,83.11394500732422,1772100,OTIS
2021-07-15,84.5,85.41999816894531,84.5,85.2300033569336,83.55510711669922,1769100,OTIS
2021-07-16,85.06999969482422,85.55000305175781,84.87000274658203,84.91999816894531,83.2511978149414,1654800,OTIS
2021-07-19,84.30999755859375,84.41000366210938,83.0199966430664,84.05999755859375,82.40808868408203,2534100,OTIS
2021-07-20,84.44999694824219,86.29000091552734,84.13999938964844,86.0999984741211,84.40801239013672,1839200,OTIS
2021-07-21,86.25,86.91000366210938,86.14800262451172,86.80999755859375,85.10404205322266,1447700,OTIS
2021-07-22,87.0,87.6500015258789,86.62000274658203,87.33000183105469,85.61383056640625,2123200,OTIS
2021-07-23,88.08000183105469,88.81800079345703,87.6500015258789,88.5199966430664,86.78045654296875,1648700,OTIS
2021-07-26,89.94000244140625,90.19999694824219,86.8499984741211,89.05999755859375,87.30984497070312,3098600,OTIS
2021-07-27,89.0250015258789,89.15599822998047,87.5199966430664,88.22000122070312,86.4863510131836,1701900,OTIS
2021-07-28,88.0199966430664,88.44000244140625,87.2699966430664,87.93000030517578,86.20204162597656,1670200,OTIS
2021-07-29,88.3499984741211,88.94000244140625,87.87000274658203,88.87000274658203,87.12357330322266,2009900,OTIS
2021-07-30,88.83999633789062,89.79000091552734,88.69000244140625,89.55000305175781,87.79021453857422,1545200,OTIS
2021-08-02,89.68000030517578,90.66999816894531,89.68000030517578,89.93000030517578,88.1627426147461,1441000,OTIS
2021-08-03,90.11000061035156,91.81999969482422,90.0999984741211,91.27999877929688,89.4862060546875,1683700,OTIS
2021-08-04,91.0,91.66999816894531,90.56999969482422,90.80000305175781,89.01564025878906,1214800,OTIS
2021-08-05,91.1500015258789,91.41000366210938,90.02999877929688,90.7300033569336,88.947021484375,1547000,OTIS
2021-08-06,91.02999877929688,91.31999969482422,89.95999908447266,90.13999938964844,88.36861419677734,1938600,OTIS
2021-08-09,89.81999969482422,90.05999755859375,88.94000244140625,89.7300033569336,87.96666717529297,1867200,OTIS
2021-08-10,89.88999938964844,90.55999755859375,89.38999938964844,89.87000274658203,88.10391998291016,1269500,OTIS
2021-08-11,89.91000366210938,90.54000091552734,89.80999755859375,90.43000030517578,88.65292358398438,1539600,OTIS
2021-08-12,90.43000030517578,90.43000030517578,89.55999755859375,90.19999694824219,88.42742919921875,1344100,OTIS
2021-08-13,90.26000213623047,91.02999877929688,90.0999984741211,90.66000366210938,88.87840270996094,2823900,OTIS
2021-08-16,90.75,92.0999984741211,90.45999908447266,91.9000015258789,90.09403228759766,2660100,OTIS
2021-08-17,91.43000030517578,91.75,90.16999816894531,90.73999786376953,88.95681762695312,1821700,OTIS
2021-08-18,90.47000122070312,91.72000122070312,90.30000305175781,90.5,88.72154235839844,2377400,OTIS
2021-08-19,89.56999969482422,90.88999938964844,89.30999755859375,90.19999694824219,88.66255950927734,1343500,OTIS
2021-08-20,89.83000183105469,90.41000366210938,89.47000122070312,90.0199966430664,88.48562622070312,3291500,OTIS
2021-08-23,90.54000091552734,90.98999786376953,89.86000061035156,89.91999816894531,88.3873291015625,2037500,OTIS
2021-08-24,89.86000061035156,90.76000213623047,89.65499877929688,90.37000274658203,88.82966613769531,2585500,OTIS
2021-08-25,90.7699966430664,91.47000122070312,90.62000274658203,91.12999725341797,89.57671356201172,2034500,OTIS
2021-08-26,90.91999816894531,92.0,90.91000366210938,91.80999755859375,90.2451171875,1527800,OTIS
2021-08-27,92.11000061035156,92.67900085449219,91.76000213623047,92.01000213623047,90.44171142578125,1195500,OTIS
2021-08-30,92.01000213623047,92.83999633789062,91.7750015258789,92.37000274658203,90.79557800292969,867900,OTIS
2021-08-31,92.37000274658203,92.6449966430664,91.86000061035156,92.22000122070312,90.64812469482422,2124700,OTIS
2021-09-01,92.19000244140625,92.19999694824219,90.95500183105469,91.5,89.9404067993164,1711600,OTIS
2021-09-02,91.9000015258789,92.45999908447266,91.6500015258789,92.05999755859375,90.4908447265625,1547000,OTIS
2021-09-03,91.88999938964844,92.45500183105469,91.58000183105469,91.81999969482422,90.25494384765625,1313400,OTIS
2021-09-07,91.56999969482422,91.56999969482422,89.26000213623047,89.37999725341797,87.85653686523438,2056300,OTIS
2021-09-08,89.12999725341797,91.05999755859375,89.04199981689453,90.72000122070312,89.17371368408203,2312400,OTIS
2021-09-09,90.83999633789062,91.26000213623047,90.12000274658203,90.4800033569336,88.93779754638672,1610300,OTIS
2021-09-10,91.02999877929688,91.23999786376953,90.19999694824219,90.55000305175781,89.00660705566406,1494900,OTIS
2021-09-13,91.33000183105469,91.70999908447266,89.40499877929688,89.94999694824219,88.41683197021484,2013200,OTIS
2021-09-14,90.20999908447266,90.83000183105469,89.26499938964844,90.36000061035156,88.81983947753906,2113700,OTIS
2021-09-15,90.58000183105469,90.58000183105469,89.45999908447266,90.3499984741211,88.81001281738281,2868600,OTIS
2021-09-16,90.3499984741211,90.3499984741211,87.625,88.19999694824219,86.6966552734375,3171200,OTIS
2021-09-17,87.26000213623047,87.44999694824219,84.88999938964844,85.0199966430664,83.57085418701172,11037500,OTIS
2021-09-20,84.0,84.4000015258789,82.2699966430664,83.18000030517578,81.76222229003906,4458100,OTIS
2021-09-21,83.31999969482422,84.12000274658203,81.93000030517578,82.0,80.60233306884766,4208800,OTIS
2021-09-22,83.86000061035156,85.55000305175781,83.12000274658203,84.29000091552734,82.8532943725586,3488600,OTIS
2021-09-23,84.52999877929688,86.80999755859375,84.02999877929688,85.73999786376953,84.2785873413086,4250200,OTIS
2021-09-24,85.41999816894531,86.1449966430664,84.55999755859375,84.86000061035156,83.41358184814453,1874200,OTIS
2021-09-27,84.55000305175781,85.13500213623047,84.05000305175781,84.2300033569336,82.79432678222656,1614400,OTIS
2021-09-28,83.56999969482422,84.15599822998047,82.72000122070312,83.70999908447266,82.2831802368164,2440600,OTIS
2021-09-29,83.9000015258789,84.38999938964844,83.11000061035156,83.31999969482422,81.89983367919922,1784600,OTIS
2021-09-30,83.87999725341797,84.08000183105469,82.2699966430664,82.27999877929688,80.87755584716797,2354800,OTIS
2021-10-01,82.66000366210938,83.0,81.05000305175781,82.5,81.09381103515625,2530400,OTIS
2021-10-04,82.11000061035156,83.125,81.58000183105469,81.91000366210938,80.51386260986328,2474600,OTIS
2021-10-05,82.27999877929688,83.74500274658203,81.8499984741211,83.36000061035156,81.93914794921875,2080900,OTIS
2021-10-06,82.79000091552734,83.5,81.20999908447266,82.87000274658203,81.45751190185547,1916800,OTIS
2021-10-07,83.94000244140625,85.11000061035156,83.77999877929688,84.37999725341797,82.94175720214844,2487900,OTIS
2021-10-08,83.91000366210938,84.38500213623047,82.6500015258789,83.44999694824219,82.02760314941406,1942600,OTIS
2021-10-11,83.2300033569336,83.5,81.55999755859375,81.62000274658203,80.22881317138672,2134100,OTIS
2021-10-12,81.80999755859375,82.18499755859375,81.27999877929688,81.94000244140625,80.5433578491211,2368900,OTIS
2021-10-13,82.23999786376953,82.29000091552734,81.08000183105469,81.27999877929688,79.89459991455078,1519300,OTIS
2021-10-14,81.95999908447266,83.48999786376953,81.94999694824219,83.41000366210938,81.98829650878906,2166500,OTIS
2021-10-15,83.91999816894531,84.69000244140625,83.48999786376953,84.0999984741211,82.66653442382812,1681400,OTIS
2021-10-18,83.66000366210938,83.86900329589844,82.9729995727539,83.31999969482422,81.89983367919922,1452300,OTIS
2021-10-19,84.0,84.73999786376953,83.7699966430664,84.41999816894531,82.9810791015625,1388000,OTIS
2021-10-20,84.62999725341797,86.45999908447266,84.2300033569336,85.45999908447266,84.00334930419922,2339900,OTIS
2021-10-21,84.18000030517578,85.38999938964844,83.48999786376953,85.3499984741211,83.89523315429688,1917700,OTIS
2021-10-22,85.86000061035156,86.70999908447266,85.41000366210938,85.62999725341797,84.17045593261719,2678500,OTIS
2021-10-25,81.08999633789062,83.94999694824219,81.08999633789062,81.86000061035156,80.46471405029297,3623700,OTIS
2021-10-26,82.33499908447266,82.5999984741211,79.76000213623047,80.2699966430664,78.90180969238281,3657600,OTIS
2021-10-27,80.66999816894531,80.83000183105469,79.48999786376953,79.72000122070312,78.36119842529297,2896600,OTIS
2021-10-28,79.5999984741211,80.16000366210938,78.5999984741211,79.91999816894531,78.55778503417969,2435300,OTIS
2021-10-29,79.55999755859375,81.4800033569336,79.54000091552734,80.30999755859375,78.94114685058594,2870500,OTIS
2021-11-01,80.45999908447266,81.16000366210938,80.12999725341797,80.91999816894531,79.54074096679688,1846100,OTIS
2021-11-02,81.33000183105469,81.44999694824219,80.1500015258789,81.11000061035156,79.72750091552734,1465500,OTIS
2021-11-03,81.27999877929688,81.81999969482422,79.61499786376953,80.61000061035156,79.23601531982422,2306700,OTIS
2021-11-04,80.94000244140625,81.86000061035156,80.79000091552734,81.83999633789062,80.44506072998047,1943200,OTIS
2021-11-05,82.12999725341797,82.70999908447266,81.55999755859375,81.70999908447266,80.31726837158203,1500900,OTIS
2021-11-08,82.11000061035156,82.38899993896484,81.39299774169922,82.23999786376953,80.83824157714844,2422400,OTIS
2021-11-09,82.4000015258789,83.66999816894531,82.06999969482422,83.54000091552734,82.11608123779297,3078900,OTIS
2021-11-10,83.94999694824219,84.44999694824219,83.19000244140625,83.36000061035156,81.93914794921875,2986300,OTIS
2021-11-11,83.44999694824219,83.69999694824219,82.7699966430664,83.4000015258789,81.97846984863281,1743500,OTIS
2021-11-12,83.94000244140625,85.6500015258789,83.30999755859375,85.62999725341797,84.17045593261719,1737600,OTIS
2021-11-15,85.5,85.58999633789062,83.93699645996094,84.16000366210938,82.72550964355469,1319100,OTIS
2021-11-16,84.55999755859375,84.98999786376953,84.22000122070312,84.5199966430664,83.0793685913086,1532800,OTIS
2021-11-17,84.36000061035156,86.04499816894531,84.09500122070312,85.56999969482422,84.11148071289062,2657800,OTIS
2021-11-18,84.79000091552734,86.41999816894531,84.68000030517578,86.2300033569336,84.9986343383789,2586400,OTIS
2021-11-19,86.44000244140625,87.83000183105469,86.06999969482422,86.26000213623047,85.02820587158203,2901700,OTIS
2021-11-22,86.25,86.38999938964844,83.87000274658203,84.19999694824219,82.99761199951172,1770400,OTIS
2021-11-23,84.0,84.375,83.5199966430664,83.80999755859375,82.6131820678711,1683000,OTIS
2021-11-24,83.6500015258789,84.55000305175781,82.87000274658203,84.45999908447266,83.25389862060547,1024700,OTIS
2021-11-26,82.93000030517578,84.2300033569336,82.5,83.19000244140625,82.00204467773438,1170100,OTIS
2021-11-29,84.11000061035156,84.33999633789062,82.98999786376953,83.58000183105469,82.386474609375,1934300,OTIS
2021-11-30,83.08000183105469,83.58000183105469,80.1500015258789,80.4000015258789,79.25187683105469,2602300,OTIS
2021-12-01,81.69999694824219,83.33999633789062,80.41999816894531,80.44999694824219,79.30115509033203,2247400,OTIS
2021-12-02,80.86000061035156,83.06900024414062,80.8550033569336,82.8499984741211,81.6668930053711,2224700,OTIS
2021-12-03,83.3499984741211,83.5999984741211,81.91999816894531,82.80000305175781,81.61761474609375,2236400,OTIS
2021-12-06,83.4000015258789,84.48999786376953,82.68000030517578,84.01000213623047,82.81034088134766,2046200,OTIS
2021-12-07,85.13999938964844,86.26000213623047,84.72000122070312,85.69999694824219,84.47618865966797,2093000,OTIS
2021-12-08,85.6500015258789,86.51599884033203,84.69999694824219,86.20999908447266,84.97891235351562,2923600,OTIS
2021-12-09,86.04000091552734,86.61000061035156,85.16999816894531,86.19000244140625,84.95919799804688,2406900,OTIS
2021-12-10,86.31999969482422,86.56999969482422,85.79499816894531,86.08000183105469,84.85076904296875,2379000,OTIS
2021-12-13,86.25,86.63999938964844,84.80000305175781,85.37999725341797,84.1607666015625,2502400,OTIS
2021-12-14,85.06999969482422,85.4000015258789,84.07499694824219,84.80999755859375,83.59890747070312,2178600,OTIS
2021-12-15,85.05000305175781,85.38500213623047,83.48100280761719,84.91999816894531,83.70733642578125,2011900,OTIS
2021-12-16,85.70999908447266,86.86499786376953,85.20999908447266,86.51000213623047,85.2746353149414,3345100,OTIS
2021-12-17,85.43000030517578,86.66999816894531,84.0199966430664,84.16000366210938,82.95819091796875,2875700,OTIS
2021-12-20,83.25,83.25,80.57499694824219,82.33000183105469,81.1543197631836,2440500,OTIS
2021-12-21,83.33000183105469,84.27999877929688,82.80999755859375,84.18000030517578,82.97789764404297,1415100,OTIS
2021-12-22,84.12999725341797,84.55999755859375,83.63999938964844,84.30999755859375,83.10604095458984,1014500,OTIS
2021-12-23,84.8499984741211,85.58799743652344,84.43000030517578,85.25,84.03262329101562,933100,OTIS
2021-12-27,85.7300033569336,86.54000091552734,85.58999633789062,86.5199966430664,85.28448486328125,674400,OTIS
2021-12-28,86.48999786376953,86.70999908447266,86.12999725341797,86.45999908447266,85.225341796875,730200,OTIS
2021-12-29,86.22000122070312,87.23300170898438,86.22000122070312,86.81999969482422,85.5802001953125,1229700,OTIS
2021-12-30,86.87000274658203,87.27400207519531,86.30000305175781,86.36000061035156,85.12676239013672,864300,OTIS
2021-12-31,86.16999816894531,87.56900024414062,86.16999816894531,87.06999969482422,85.82662200927734,985600,OTIS
2022-01-03,87.19999694824219,88.22000122070312,84.58000183105469,85.56999969482422,84.34805297851562,2209600,OTIS
2022-01-04,85.4000015258789,86.45999908447266,84.97000122070312,86.22000122070312,84.98876953125,1739200,OTIS
2022-01-05,86.52999877929688,87.1050033569336,83.7300033569336,83.83000183105469,82.63289642333984,2656900,OTIS
2022-01-06,84.19000244140625,84.9800033569336,83.77999877929688,84.70999908447266,83.50032806396484,1641400,OTIS
2022-01-07,84.4000015258789,85.2699966430664,84.20999908447266,84.36000061035156,83.15532684326172,2351500,OTIS
2022-01-10,83.80999755859375,84.69000244140625,82.45999908447266,84.66000366210938,83.4510498046875,1940000,OTIS
2022-01-11,85.19999694824219,86.29000091552734,84.18000030517578,86.23999786376953,85.00848388671875,2334200,OTIS
2022-01-12,86.72000122070312,87.33999633789062,86.12999725341797,86.94999694824219,85.70833587646484,2864100,OTIS
2022-01-13,87.08999633789062,87.68000030517578,85.54000091552734,85.76000213623047,84.53533935546875,3365800,OTIS
2022-01-14,84.86000061035156,85.6449966430664,83.04000091552734,84.18000030517578,82.97789764404297,2870400,OTIS
2022-01-18,83.05000305175781,84.1500015258789,81.68000030517578,83.88999938964844,82.6920394897461,2640500,OTIS
2022-01-19,84.19999694824219,84.44000244140625,82.8499984741211,83.0999984741211,81.91332244873047,2632200,OTIS
2022-01-20,83.5999984741211,84.0999984741211,81.83999633789062,82.20999908447266,81.03602600097656,3534500,OTIS
2022-01-21,82.20999908447266,83.9000015258789,81.56999969482422,83.11000061035156,81.92317962646484,2844000,OTIS
2022-01-24,81.68000030517578,83.3499984741211,80.13999938964844,83.2300033569336,82.04146575927734,4451900,OTIS
2022-01-25,81.7300033569336,83.62999725341797,80.91999816894531,82.97000122070312,81.78517150878906,4027200,OTIS
2022-01-26,83.56999969482422,84.62000274658203,81.0,81.5199966430664,80.35587310791016,3633100,OTIS
2022-01-27,82.30000305175781,83.41999816894531,81.30000305175781,82.61000061035156,81.4303207397461,3093400,OTIS
2022-01-28,82.20999908447266,82.81999969482422,80.83999633789062,82.7699966430664,81.58804321289062,4367500,OTIS
2022-01-31,81.30000305175781,85.69499969482422,80.5199966430664,85.43000030517578,84.21005249023438,4710600,OTIS
2022-02-01,85.8499984741211,86.37000274658203,81.56999969482422,83.55999755859375,82.36675262451172,4970900,OTIS
2022-02-02,83.81999969482422,84.31199645996094,82.43000030517578,83.2699966430664,82.08089447021484,2889900,OTIS
2022-02-03,82.66999816894531,83.62999725341797,81.75,81.8499984741211,80.6811752319336,2902900,OTIS
2022-02-04,81.26000213623047,83.2300033569336,80.97000122070312,82.44000244140625,81.26275634765625,3508500,OTIS
2022-02-07,82.5999984741211,82.9000015258789,81.5,81.66000366210938,80.49388885498047,1790200,OTIS
2022-02-08,82.04000091552734,84.26000213623047,81.8949966430664,84.06999969482422,82.86947631835938,3294300,OTIS
2022-02-09,84.91000366210938,85.11399841308594,83.41000366210938,83.7699966430664,82.5737533569336,2132000,OTIS
2022-02-10,82.87999725341797,83.33000183105469,81.19999694824219,81.55000305175781,80.38545989990234,1926400,OTIS
2022-02-11,81.5999984741211,81.83999633789062,79.11000061035156,79.63999938964844,78.50273132324219,2494800,OTIS
2022-02-14,79.55999755859375,80.25,78.66999816894531,79.75,78.61115264892578,3899000,OTIS
2022-02-15,81.18000030517578,81.68000030517578,78.54499816894531,78.79000091552734,77.66486358642578,4126300,OTIS
2022-02-16,78.94000244140625,79.31999969482422,77.45999908447266,78.87000274658203,77.74373626708984,3305200,OTIS
2022-02-17,78.02999877929688,78.0999984741211,76.16100311279297,76.22000122070312,75.36090087890625,2253500,OTIS
2022-02-18,76.05000305175781,76.91999816894531,75.33999633789062,76.3499984741211,75.48942565917969,6320300,OTIS
2022-02-22,76.0999984741211,77.51000213623047,75.87999725341797,76.30000305175781,75.43999481201172,2481400,OTIS
2022-02-23,76.7699966430664,76.80000305175781,74.16000366210938,74.69000244140625,73.84813690185547,2771000,OTIS
2022-02-24,73.32499694824219,76.93000030517578,73.0999984741211,76.58999633789062,75.72671508789062,3807000,OTIS
2022-02-25,76.68000030517578,78.77999877929688,76.45999908447266,78.51000213623047,77.62508392333984,3005300,OTIS
2022-02-28,77.16000366210938,78.93000030517578,77.16000366210938,78.33000183105469,77.44710540771484,3918500,OTIS
2022-03-01,78.33999633789062,78.4800033569336,76.55999755859375,77.6500015258789,76.7747802734375,3501600,OTIS
2022-03-02,78.18000030517578,79.00499725341797,78.05000305175781,78.77999877929688,77.89203643798828,3266200,OTIS
2022-03-03,79.66999816894531,80.54000091552734,78.69999694824219,79.18000030517578,78.28752899169922,2660900,OTIS
2022-03-04,78.20999908447266,78.58000183105469,76.66000366210938,77.95999908447266,77.08128356933594,2967900,OTIS
2022-03-07,77.80000305175781,78.08999633789062,74.25,74.30000305175781,73.46253204345703,2768400,OTIS
2022-03-08,74.20999908447266,75.2300033569336,73.4800033569336,73.5,72.67155456542969,3249800,OTIS
2022-03-09,74.94000244140625,76.19999694824219,74.76000213623047,75.26000213623047,74.41171264648438,3050200,OTIS
2022-03-10,74.30000305175781,74.55000305175781,73.30000305175781,73.80000305175781,72.96817016601562,3981100,OTIS
2022-03-11,73.98999786376953,74.11499786376953,72.2699966430664,72.4000015258789,71.58395385742188,3290800,OTIS
2022-03-14,73.33000183105469,73.375,71.06999969482422,71.9800033569336,71.16868591308594,4014900,OTIS
2022-03-15,72.5,73.91000366210938,71.94999694824219,73.6500015258789,72.81986236572266,4655600,OTIS
2022-03-16,74.51000213623047,76.83000183105469,74.0,75.5,74.64900970458984,2692800,OTIS
2022-03-17,75.04000091552734,76.44000244140625,74.98999786376953,76.38999938964844,75.52897644042969,1868200,OTIS
2022-03-18,76.6500015258789,78.37000274658203,76.5199966430664,77.9800033569336,77.10105895996094,3822500,OTIS
2022-03-21,77.5199966430664,78.16500091552734,76.41999816894531,77.33000183105469,76.45838928222656,1805000,OTIS
2022-03-22,77.30000305175781,78.58000183105469,77.30000305175781,77.52999877929688,76.6561279296875,2601700,OTIS
2022-03-23,77.12999725341797,77.61000061035156,76.25,76.44000244140625,75.57842254638672,1675300,OTIS
2022-03-24,76.37999725341797,77.47000122070312,75.94999694824219,77.41999816894531,76.54737091064453,1837900,OTIS
2022-03-25,77.61000061035156,77.75,76.62000274658203,77.23999786376953,76.36939239501953,1531900,OTIS
2022-03-28,76.95999908447266,78.05000305175781,76.31999969482422,78.01000213623047,77.1307144165039,2218200,OTIS
2022-03-29,78.69999694824219,79.48999786376953,78.08999633789062,78.6500015258789,77.76350402832031,1812200,OTIS
2022-03-30,78.0,78.6500015258789,77.69999694824219,77.75,76.87364959716797,1261600,OTIS
2022-03-31,77.61000061035156,78.34500122070312,76.9000015258789,76.94999694824219,76.08265686035156,2413400,OTIS
2022-04-01,76.91000366210938,77.25399780273438,75.75,76.27999877929688,75.42021179199219,2591900,OTIS
2022-04-04,76.30000305175781,76.75,75.80999755859375,76.63999938964844,75.77615356445312,1872600,OTIS
2022-04-05,76.36000061035156,76.56999969482422,74.91000366210938,75.1500015258789,74.3029556274414,1582900,OTIS
2022-04-06,74.33000183105469,76.3499984741211,74.16000366210938,76.2300033569336,75.37078857421875,2666000,OTIS
2022-04-07,75.77999877929688,77.98999786376953,75.77999877929688,77.54000091552734,76.666015625,3012100,OTIS
2022-04-08,77.26000213623047,78.19999694824219,77.11000061035156,77.23999786376953,76.36939239501953,2107000,OTIS
2022-04-11,77.0,77.26000213623047,76.16000366210938,76.37000274658203,75.50920104980469,1750400,OTIS
2022-04-12,76.5199966430664,77.19000244140625,75.48999786376953,75.88999938964844,75.03460693359375,2814200,OTIS
2022-04-13,75.26000213623047,76.5,75.26000213623047,75.83999633789062,74.98516845703125,1592600,OTIS
2022-04-14,76.02999877929688,76.48500061035156,74.69999694824219,74.75,73.90746307373047,1717000,OTIS
2022-04-18,74.69000244140625,75.06999969482422,73.12000274658203,73.62000274658203,72.79019927978516,1517100,OTIS
2022-04-19,74.02999877929688,75.4800033569336,73.87000274658203,75.37000274658203,74.52047729492188,1380400,OTIS
2022-04-20,75.9800033569336,76.37000274658203,75.29000091552734,75.5199966430664,74.66878509521484,2107800,OTIS
2022-04-21,76.0999984741211,76.62999725341797,74.83999633789062,75.20999908447266,74.3622817993164,2256200,OTIS
2022-04-22,73.83999633789062,74.62999725341797,73.31999969482422,73.41999816894531,72.59244537353516,2115500,OTIS
2022-04-25,75.27999877929688,76.02999877929688,73.05999755859375,74.5999984741211,73.75914764404297,4038900,OTIS
2022-04-26,73.37000274658203,73.97000122070312,72.19000244140625,72.37000274658203,71.5542984008789,2231400,OTIS
2022-04-27,72.30999755859375,74.3499984741211,72.30999755859375,73.56999969482422,72.74076843261719,2499900,OTIS
2022-04-28,73.58999633789062,76.5199966430664,73.44000244140625,76.06999969482422,75.21257781982422,2837400,OTIS
2022-04-29,75.58000183105469,75.91999816894531,72.56999969482422,72.83999633789062,72.01898956298828,2808100,OTIS
2022-05-02,73.0,74.04000091552734,71.33000183105469,72.94999694824219,72.12775421142578,2627400,OTIS
2022-05-03,72.91999816894531,73.62999725341797,72.46800231933594,73.31999969482422,72.49358367919922,2297000,OTIS
2022-05-04,73.94000244140625,76.83000183105469,73.26000213623047,76.5999984741211,75.73660278320312,2700800,OTIS
2022-05-05,75.48999786376953,76.0999984741211,73.93499755859375,74.68000030517578,73.8382568359375,2377800,OTIS
2022-05-06,74.2300033569336,74.87000274658203,72.7699966430664,74.58000183105469,73.7393798828125,2470400,OTIS
2022-05-09,73.29000091552734,74.19000244140625,72.7699966430664,73.30999755859375,72.48368835449219,2718000,OTIS
2022-05-10,73.87000274658203,74.80000305175781,71.47000122070312,72.7699966430664,71.94977569580078,2771000,OTIS
2022-05-11,72.70999908447266,73.9800033569336,72.33999633789062,72.9000015258789,72.07832336425781,3214400,OTIS
2022-05-12,72.5199966430664,74.30000305175781,71.26000213623047,73.0,72.17718505859375,2482100,OTIS
2022-05-13,73.83000183105469,75.48999786376953,73.48500061035156,75.11000061035156,74.2634048461914,2601200,OTIS
2022-05-16,74.55999755859375,74.86000061035156,73.58000183105469,74.33999633789062,73.5020751953125,2101000,OTIS
2022-05-17,75.04000091552734,75.45999908447266,73.86000061035156,75.45999908447266,74.60945892333984,2742800,OTIS
2022-05-18,74.41000366210938,74.87000274658203,71.98999786376953,72.20999908447266,71.39608764648438,1899700,OTIS
2022-05-19,71.26000213623047,73.48999786376953,71.20999908447266,72.58999633789062,72.06120300292969,1780500,OTIS
2022-05-20,73.30999755859375,74.36000061035156,71.44999694824219,73.44000244140625,72.90502166748047,3017700,OTIS
2022-05-23,73.98999786376953,74.7750015258789,73.12999725341797,73.87000274658203,73.3318862915039,2473100,OTIS
2022-05-24,74.83000183105469,75.87999725341797,73.2300033569336,75.48999786376953,74.94007873535156,3071700,OTIS
2022-05-25,74.72000122070312,74.91999816894531,72.7750015258789,73.52999877929688,72.9943618774414,2854900,OTIS
2022-05-26,74.37999725341797,75.56999969482422,74.08000183105469,75.08000183105469,74.53307342529297,3380100,OTIS
2022-05-27,75.8499984741211,76.62000274658203,75.37999725341797,76.30000305175781,75.74418640136719,2837700,OTIS
2022-05-31,75.55000305175781,75.65499877929688,73.7300033569336,74.4000015258789,73.85802459716797,9765400,OTIS
2022-06-01,74.31999969482422,75.16999816894531,73.58000183105469,73.97000122070312,73.43115997314453,2384000,OTIS
2022-06-02,74.0,75.36000061035156,73.6500015258789,75.23999786376953,74.69190216064453,2133600,OTIS
2022-06-03,74.73999786376953,75.31999969482422,74.08999633789062,75.19000244140625,74.64226531982422,1415400,OTIS
2022-06-06,75.52999877929688,76.05999755859375,75.08000183105469,75.19999694824219,74.6521987915039,1019900,OTIS
2022-06-07,74.73999786376953,76.55999755859375,74.37999725341797,76.48999786376953,75.93279266357422,1582500,OTIS
2022-06-08,75.83000183105469,76.94000244140625,75.19000244140625,76.33999633789062,75.78388977050781,1926900,OTIS
2022-06-09,76.19000244140625,77.16000366210938,75.76000213623047,76.0,75.44636535644531,2505100,OTIS
2022-06-10,74.79000091552734,75.02999877929688,73.2699966430664,73.29000091552734,72.75611114501953,2314500,OTIS
2022-06-13,71.43000030517578,72.19999694824219,70.44999694824219,71.0999984741211,70.58206176757812,1860400,OTIS
2022-06-14,70.91999816894531,71.20500183105469,68.63999938964844,69.20999908447266,68.70582580566406,1859400,OTIS
2022-06-15,69.41000366210938,70.7699966430664,68.76000213623047,69.76000213623047,69.2518310546875,1629300,OTIS
2022-06-16,68.41999816894531,68.48500061035156,66.97000122070312,67.94999694824219,67.45500946044922,1818700,OTIS
2022-06-17,67.94000244140625,68.73999786376953,67.2300033569336,67.87999725341797,67.3855209350586,3669400,OTIS
2022-06-21,68.80000305175781,70.11000061035156,68.16000366210938,69.87000274658203,69.36102294921875,2506000,OTIS
2022-06-22,68.4800033569336,69.12000274658203,67.87000274658203,68.76000213623047,68.25911712646484,2621800,OTIS
2022-06-23,68.68000030517578,69.5199966430664,67.91999816894531,68.58999633789062,68.09034729003906,1791000,OTIS
2022-06-24,68.94999694824219,70.9000015258789,68.47000122070312,70.86000061035156,70.34381103515625,3453500,OTIS
2022-06-27,71.30000305175781,71.37000274658203,69.125,69.91999816894531,69.41065216064453,2327700,OTIS
2022-06-28,70.19999694824219,70.8499984741211,69.48999786376953,69.79000091552734,69.28160858154297,1877800,OTIS
2022-06-29,69.5,70.19999694824219,68.5199966430664,69.77999877929688,69.27167510986328,2728700,OTIS
2022-06-30,68.97000122070312,70.91000366210938,68.75,70.66999816894531,70.15519714355469,2822500,OTIS
2022-07-01,70.9800033569336,72.24500274658203,70.2300033569336,71.9000015258789,71.37623596191406,2096300,OTIS
2022-07-05,70.37999725341797,71.48999786376953,70.17500305175781,71.37000274658203,70.85009765625,1936800,OTIS
2022-07-06,71.45999908447266,71.77999877929688,70.58999633789062,71.26000213623047,70.74089813232422,2440000,OTIS
2022-07-07,68.6500015258789,70.20999908447266,67.36000061035156,70.08999633789062,69.57941436767578,4386800,OTIS
2022-07-08,70.0,70.37000274658203,68.82099914550781,69.88999938964844,69.3808822631836,2485600,OTIS
2022-07-11,69.93000030517578,70.16999816894531,68.69999694824219,69.0,68.49736022949219,2116900,OTIS
2022-07-12,68.88999938964844,70.19999694824219,68.55999755859375,68.83999633789062,68.3385238647461,2430700,OTIS
2022-07-13,68.08000183105469,68.94999694824219,67.83000183105469,68.4000015258789,67.9017333984375,1635500,OTIS
2022-07-14,67.31999969482422,69.0199966430664,67.0,68.98999786376953,68.48743438720703,2793600,OTIS
2022-07-15,69.93000030517578,70.1500015258789,69.26000213623047,69.51000213623047,69.00364685058594,3010100,OTIS
2022-07-18,69.88999938964844,70.48400115966797,68.77999877929688,68.95999908447266,68.45764923095703,1525900,OTIS
2022-07-19,69.80000305175781,71.93000030517578,69.75,71.83999633789062,71.3166732788086,2450500,OTIS
2022-07-20,72.04000091552734,72.76000213623047,71.0999984741211,72.66999816894531,72.140625,1942400,OTIS
2022-07-21,72.6500015258789,73.11499786376953,72.25,72.94999694824219,72.41858673095703,1520900,OTIS
2022-07-22,73.08000183105469,73.29000091552734,71.37999725341797,71.9000015258789,71.37623596191406,3805300,OTIS
2022-07-25,71.97000122070312,72.66000366210938,71.70999908447266,72.38999938964844,71.86266326904297,1620800,OTIS
2022-07-26,72.38999938964844,72.79000091552734,71.58999633789062,72.72000122070312,72.19026947021484,1897800,OTIS
2022-07-27,72.80000305175781,76.61000061035156,72.80000305175781,76.44000244140625,75.88317108154297,3786500,OTIS
2022-07-28,76.05999755859375,77.48999786376953,75.91000366210938,76.8499984741211,76.29016876220703,2118300,OTIS
2022-07-29,77.08999633789062,78.55000305175781,76.38999938964844,78.16999816894531,77.6005630493164,2183100,OTIS
2022-08-01,77.30000305175781,79.05000305175781,77.30000305175781,78.27999877929688,77.70976257324219,2425700,OTIS
2022-08-02,78.16999816894531,78.7699966430664,77.4000015258789,77.45999908447266,76.89573669433594,2146700,OTIS
2022-08-03,77.8499984741211,79.69999694824219,77.45899963378906,79.2300033569336,78.65284729003906,2483600,OTIS
2022-08-04,79.58000183105469,79.80999755859375,79.04000091552734,79.5,78.92086791992188,2129600,OTIS
2022-08-05,78.91000366210938,79.71499633789062,78.55999755859375,79.31999969482422,78.74217987060547,1492700,OTIS
2022-08-08,79.80000305175781,80.06500244140625,79.01499938964844,79.27999877929688,78.70247650146484,1882400,OTIS
2022-08-09,78.9000015258789,79.08000183105469,78.36000061035156,78.86000061035156,78.28553009033203,1276600,OTIS
2022-08-10,80.0,80.54499816894531,79.37999725341797,79.9000015258789,79.31796264648438,1419700,OTIS
2022-08-11,80.70999908447266,81.54000091552734,80.0999984741211,80.5999984741211,80.01285552978516,1665800,OTIS
2022-08-12,81.05999755859375,81.86000061035156,80.55000305175781,81.75,81.15447998046875,1758800,OTIS
2022-08-15,81.26000213623047,81.94000244140625,81.01000213623047,81.55000305175781,80.95594024658203,2015600,OTIS
2022-08-16,81.23999786376953,81.76000213623047,80.90499877929688,81.31999969482422,80.72761535644531,1862100,OTIS
2022-08-17,80.5199966430664,80.86000061035156,80.16000366210938,80.58000183105469,79.99301147460938,1623200,OTIS
2022-08-18,80.54000091552734,80.58999633789062,80.01000213623047,80.41000366210938,80.11256408691406,1183100,OTIS
2022-08-19,80.02999877929688,80.19999694824219,78.98999786376953,79.41000366210938,79.11626434326172,1212500,OTIS
2022-08-22,78.06999969482422,78.2750015258789,77.08999633789062,77.33000183105469,77.04396057128906,2493900,OTIS
2022-08-23,77.12999725341797,77.66000366210938,76.55500030517578,76.9000015258789,76.61554718017578,1680300,OTIS
2022-08-24,76.95999908447266,77.66000366210938,76.77999877929688,77.37000274658203,77.08380889892578,1676800,OTIS
2022-08-25,77.70999908447266,78.23999786376953,77.38999938964844,78.18000030517578,77.89081573486328,1881600,OTIS
2022-08-26,78.38999938964844,78.38999938964844,75.16999816894531,75.2300033569336,74.95172882080078,1482100,OTIS
2022-08-29,74.75,74.80000305175781,73.88999938964844,74.06999969482422,73.79601287841797,1441700,OTIS
2022-08-30,74.12999725341797,74.36000061035156,72.2300033569336,72.86000061035156,72.59049224853516,2247000,OTIS
2022-08-31,73.19999694824219,73.48999786376953,71.83000183105469,72.22000122070312,71.9528579711914,3350600,OTIS
2022-09-01,72.13999938964844,72.76000213623047,71.31999969482422,72.72000122070312,72.45101165771484,1653600,OTIS
2022-09-02,73.45999908447266,73.61000061035156,71.44999694824219,71.72000122070312,71.4547119140625,1565900,OTIS
2022-09-06,71.69999694824219,72.1500015258789,70.93000030517578,72.08000183105469,71.8133773803711,1597300,OTIS
2022-09-07,72.20999908447266,73.51000213623047,71.7300033569336,73.41000366210938,73.13845825195312,1751400,OTIS
2022-09-08,72.94000244140625,73.22000122070312,72.41999816894531,72.91000366210938,72.64031219482422,1883900,OTIS
2022-09-09,73.18000030517578,73.54000091552734,72.7699966430664,73.4000015258789,73.12849426269531,1803300,OTIS
2022-09-12,73.98999786376953,74.0999984741211,72.87000274658203,73.80000305175781,73.52701568603516,1693800,OTIS
2022-09-13,72.2699966430664,72.43000030517578,70.76000213623047,71.12000274658203,70.85692596435547,1756300,OTIS
2022-09-14,71.05000305175781,71.17500305175781,69.30999755859375,69.8499984741211,69.59162139892578,2097200,OTIS
2022-09-15,69.9000015258789,70.45999908447266,68.69000244140625,68.93000030517578,68.6750259399414,2129100,OTIS
2022-09-16,68.16999816894531,68.30000305175781,67.0199966430664,67.80000305175781,67.54920959472656,3782500,OTIS
2022-09-19,67.44999694824219,68.3499984741211,67.4000015258789,68.25,67.99754333496094,2338000,OTIS
2022-09-20,67.83000183105469,68.01000213623047,66.88999938964844,67.62000274658203,67.369873046875,1842500,OTIS
2022-09-21,67.93000030517578,68.83999633789062,67.0199966430664,67.02999877929688,66.78205108642578,1579600,OTIS
2022-09-22,66.58000183105469,67.11499786376953,65.3550033569336,65.44999694824219,65.20789337158203,1981000,OTIS
2022-09-23,64.98999786376953,65.93000030517578,64.75499725341797,65.77999877929688,65.53667449951172,2551600,OTIS
2022-09-26,65.4800033569336,66.58000183105469,64.8499984741211,65.37000274658203,65.1281967163086,2415500,OTIS
2022-09-27,65.94000244140625,66.25,64.61000061035156,65.12999725341797,64.88908386230469,1890500,OTIS
2022-09-28,65.7300033569336,66.2300033569336,64.8949966430664,65.7699966430664,65.5267105102539,2264400,OTIS
2022-09-29,65.22000122070312,65.36000061035156,63.875,64.5,64.26141357421875,1910800,OTIS
2022-09-30,64.52999877929688,64.91999816894531,63.7400016784668,63.79999923706055,63.564002990722656,2625600,OTIS
2022-10-03,64.72000122070312,66.01000213623047,64.11000061035156,65.44000244140625,65.19793701171875,1905500,OTIS
2022-10-04,66.45999908447266,67.4800033569336,66.28500366210938,67.05000305175781,66.80198669433594,2424900,OTIS
2022-10-05,66.41999816894531,67.87999725341797,66.33499908447266,67.43000030517578,67.18058013916016,1452500,OTIS
2022-10-06,67.22000122070312,67.61000061035156,66.69999694824219,66.80000305175781,66.55290985107422,1670000,OTIS
2022-10-07,66.16999816894531,66.51000213623047,64.87000274658203,65.26000213623047,65.01860809326172,1446600,OTIS
2022-10-10,65.80000305175781,65.98999786376953,64.47000122070312,65.01000213623047,64.76953125,841300,OTIS
2022-10-11,64.97000122070312,65.56999969482422,64.4800033569336,64.75,64.51049041748047,1449200,OTIS
2022-10-12,65.06999969482422,65.33999633789062,64.56500244140625,64.58000183105469,64.34111785888672,1637600,OTIS
2022-10-13,63.18000030517578,65.55000305175781,62.4900016784668,65.01000213623047,64.76953125,1946400,OTIS
2022-10-14,65.43000030517578,66.0999984741211,63.83000183105469,64.12000274658203,63.8828239440918,1632800,OTIS
2022-10-17,65.02999877929688,65.7300033569336,64.80999755859375,65.37000274658203,65.1281967163086,1688600,OTIS
2022-10-18,66.91999816894531,67.0,66.0,66.70999908447266,66.46324157714844,1637200,OTIS
2022-10-19,66.47000122070312,66.94999694824219,65.66000366210938,66.27999877929688,66.03482818603516,1552300,OTIS
2022-10-20,66.44000244140625,66.70500183105469,64.66999816894531,64.75,64.51049041748047,1923200,OTIS
2022-10-21,65.02999877929688,66.94000244140625,64.30000305175781,66.79000091552734,66.5429458618164,2351000,OTIS
2022-10-24,67.16999816894531,67.88999938964844,66.79000091552734,67.08000183105469,66.83187103271484,2518300,OTIS
2022-10-25,66.9800033569336,68.91000366210938,66.9800033569336,68.8499984741211,68.59532165527344,2567100,OTIS
2022-10-26,68.69000244140625,69.1500015258789,66.77999877929688,68.33999633789062,68.08720397949219,3656700,OTIS
2022-10-27,68.51000213623047,71.5199966430664,68.4000015258789,70.01000213623047,69.75103759765625,3016900,OTIS
2022-10-28,70.12000274658203,71.87000274658203,69.8499984741211,71.69000244140625,71.42481994628906,1918400,OTIS
2022-10-31,70.68000030517578,71.5199966430664,70.23999786376953,70.63999938964844,70.37870025634766,2551900,OTIS
2022-11-01,71.2699966430664,72.0199966430664,70.7300033569336,71.51000213623047,71.2454833984375,1885200,OTIS
2022-11-02,71.20999908447266,72.56999969482422,70.19999694824219,70.20999908447266,69.9502944946289,1782900,OTIS
2022-11-03,69.47000122070312,71.08999633789062,69.12000274658203,70.20999908447266,69.9502944946289,2035000,OTIS
2022-11-04,71.29000091552734,73.87000274658203,71.29000091552734,73.22000122070312,72.94915771484375,2299000,OTIS
2022-11-07,73.08999633789062,73.7699966430664,72.69000244140625,73.73999786376953,73.46723175048828,1777400,OTIS
2022-11-08,73.94000244140625,74.19999694824219,72.5999984741211,73.16000366210938,72.8893814086914,1528100,OTIS
2022-11-09,72.95999908447266,73.88999938964844,72.54000091552734,72.61000061035156,72.34141540527344,1743200,OTIS
2022-11-10,74.5199966430664,76.11000061035156,74.5199966430664,75.5999984741211,75.32035064697266,2643400,OTIS
2022-11-11,75.66000366210938,78.02999877929688,75.61499786376953,77.37000274658203,77.08380889892578,2984500,OTIS
2022-11-14,76.76000213623047,79.55999755859375,76.72000122070312,77.7699966430664,77.4823226928711,4193900,OTIS
2022-11-15,78.47000122070312,79.4800033569336,78.19000244140625,78.70999908447266,78.41885375976562,2349100,OTIS
2022-11-16,78.44999694824219,79.75,78.33000183105469,78.4000015258789,78.11000061035156,2169600,OTIS
2022-11-17,77.0,77.41000366210938,75.70999908447266,77.3499984741211,77.3499984741211,3420800,OTIS
2022-11-18,78.18000030517578,78.76000213623047,77.41999816894531,77.76000213623047,77.76000213623047,3697600,OTIS
2022-11-21,77.47000122070312,78.5199966430664,76.80500030517578,78.19000244140625,78.19000244140625,2068800,OTIS
2022-11-22,78.55999755859375,78.58999633789062,77.5999984741211,78.25,78.25,1916300,OTIS
2022-11-23,77.97000122070312,78.52999877929688,77.51000213623047,78.0999984741211,78.0999984741211,1898000,OTIS
2022-11-25,78.54000091552734,79.01799774169922,78.22000122070312,78.66999816894531,78.66999816894531,971100,OTIS
2022-11-28,78.0199966430664,78.36000061035156,76.19499969482422,76.33999633789062,76.33999633789062,2065800,OTIS
2022-11-29,76.45999908447266,77.62000274658203,76.13999938964844,76.87999725341797,76.87999725341797,1869000,OTIS
2022-11-30,76.80999755859375,78.16500091552734,75.5199966430664,78.08999633789062,78.08999633789062,3462100,OTIS
2022-12-01,77.62000274658203,78.91000366210938,77.33999633789062,78.83000183105469,78.83000183105469,1776700,OTIS
2022-12-02,78.06999969482422,80.16000366210938,77.5199966430664,79.75,79.75,1998300,OTIS
2022-12-05,78.81999969482422,79.26000213623047,77.83999633789062,78.4800033569336,78.4800033569336,2100200,OTIS
2022-12-06,78.47000122070312,79.22000122070312,78.25,79.19000244140625,79.19000244140625,2674000,OTIS
2022-12-07,78.97000122070312,79.48999786376953,78.36000061035156,79.0,79.0,2151300,OTIS
2022-12-08,79.87999725341797,80.0,79.05500030517578,79.73999786376953,79.73999786376953,2376700,OTIS
2022-12-09,79.87000274658203,80.0,78.3550033569336,78.45999908447266,78.45999908447266,1417200,OTIS
2022-12-12,78.9000015258789,80.62000274658203,78.5199966430664,80.54000091552734,80.54000091552734,1681200,OTIS
2022-12-13,82.0,82.0,80.58000183105469,80.94999694824219,80.94999694824219,2600900,OTIS
2022-12-14,81.0,81.94000244140625,79.9000015258789,80.25,80.25,3025900,OTIS
2022-12-15,79.33999633789062,79.56999969482422,77.98999786376953,78.81999969482422,78.81999969482422,2119400,OTIS
2022-12-16,78.20999908447266,78.7300033569336,77.69999694824219,78.5999984741211,78.5999984741211,4036900,OTIS
2022-12-19,78.62999725341797,79.01499938964844,77.5719985961914,77.87000274658203,77.87000274658203,1532700,OTIS
2022-12-20,77.9000015258789,78.26000213623047,77.51000213623047,77.91999816894531,77.91999816894531,1889800,OTIS
2022-12-21,78.44000244140625,79.12999725341797,77.91000366210938,79.02999877929688,79.02999877929688,1621700,OTIS
2022-12-22,78.55999755859375,78.77999877929688,77.0999984741211,78.13999938964844,78.13999938964844,1379600,OTIS
2022-12-23,77.9000015258789,78.62999725341797,77.73999786376953,78.36000061035156,78.36000061035156,810400,OTIS
2022-12-27,78.37000274658203,78.97000122070312,78.01000213623047,78.51000213623047,78.51000213623047,955400,OTIS
2022-12-28,78.5999984741211,78.75,77.38999938964844,77.4000015258789,77.4000015258789,882800,OTIS
2022-12-29,78.04000091552734,79.2300033569336,77.5999984741211,79.06999969482422,79.06999969482422,957700,OTIS
2022-12-30,78.80000305175781,78.98999786376953,77.55000305175781,78.30999755859375,78.30999755859375,995900,OTIS
2023-01-03,78.94000244140625,79.45999908447266,78.41000366210938,79.12000274658203,79.12000274658203,1317300,OTIS
2023-01-04,79.77999877929688,80.87000274658203,79.30000305175781,80.7699966430664,80.7699966430664,1611900,OTIS
2023-01-05,80.51000213623047,80.80999755859375,79.95999908447266,80.12999725341797,80.12999725341797,2136300,OTIS
2023-01-06,80.98999786376953,82.05000305175781,80.41000366210938,81.8499984741211,81.8499984741211,1555400,OTIS
2023-01-09,81.9800033569336,82.92500305175781,81.31500244140625,81.47000122070312,81.47000122070312,1652600,OTIS
2023-01-10,81.37999725341797,81.7699966430664,80.7699966430664,81.66999816894531,81.66999816894531,1975300,OTIS
2023-01-11,82.2300033569336,82.2300033569336,81.13999938964844,81.9000015258789,81.9000015258789,2683300,OTIS
2023-01-12,82.0,82.98999786376953,80.75,82.9000015258789,82.9000015258789,2503600,OTIS
2023-01-13,82.63999938964844,83.30000305175781,82.22200012207031,83.25,83.25,1272000,OTIS
